{"cameraMode":{"drawMode":0,"name":"Shaded","section":"Shading Mode"},"sceneLighting":true,"audioPlay":false,"sceneViewState":{"showFog":true,"showMaterialUpdate":false,"showSkybox":false,"showFlares":true,"showImageEffects":true,"showParticleSystems":true},"in2DMode":false,"pivot":{"x":-0.23980125784873963,"y":0.1425786316394806,"z":0.24154731631278993},"rotation":{"x":-0.7276789546012878,"y":0.00017311409465037286,"z":-0.00007120148802641779,"w":-0.686086118221283},"size":4.507195949554443,"orthographic":true}