{"cameraMode":{"drawMode":0,"name":"Shaded","section":"Shading Mode"},"sceneLighting":false,"audioPlay":false,"sceneViewState":{"showFog":true,"showMaterialUpdate":false,"showSkybox":false,"showFlares":true,"showImageEffects":true,"showParticleSystems":true},"in2DMode":false,"pivot":{"x":0.3916167914867401,"y":-2.356100082397461,"z":3.4817421436309816},"rotation":{"x":-0.13039910793304444,"y":-0.6347255706787109,"z":0.10980663448572159,"w":-0.7537136077880859},"size":6.425146102905273,"orthographic":false}