{"cameraMode":{"drawMode":0,"name":"Shaded","section":"Shading Mode"},"sceneLighting":true,"audioPlay":false,"sceneViewState":{"showFog":true,"showMaterialUpdate":false,"showSkybox":false,"showFlares":true,"showImageEffects":true,"showParticleSystems":true},"in2DMode":false,"pivot":{"x":0.4287450313568115,"y":0.1353798508644104,"z":0.545749306678772},"rotation":{"x":-0.026888282969594003,"y":-0.7288378477096558,"z":0.028666501864790918,"w":-0.6837204694747925},"size":2.6784515380859377,"orthographic":true}