{"cameraMode":{"drawMode":0,"name":"Shaded","section":"Shading Mode"},"sceneLighting":true,"audioPlay":false,"sceneViewState":{"showFog":true,"showMaterialUpdate":false,"showSkybox":true,"showFlares":true,"showImageEffects":true,"showParticleSystems":true},"in2DMode":false,"pivot":{"x":5.389833927154541,"y":-4.801339149475098,"z":-0.1646672934293747},"rotation":{"x":0.5957391858100891,"y":-0.0022339147981256248,"z":0.0016647552838549018,"w":0.8031816482543945},"size":45.74549102783203,"orthographic":true}