{"cameraMode":{"drawMode":0,"name":"Shaded","section":"Shading Mode"},"sceneLighting":true,"audioPlay":false,"sceneViewState":{"showFog":true,"showMaterialUpdate":false,"showSkybox":true,"showFlares":true,"showImageEffects":true,"showParticleSystems":true},"in2DMode":false,"pivot":{"x":-1.6656990051269532,"y":-6.830357074737549,"z":-0.28149157762527468},"rotation":{"x":0.5957391858100891,"y":-0.0022339147981256248,"z":0.0016647552838549018,"w":0.8031816482543945},"size":45.3236198425293,"orthographic":true}