{"cameraMode":{"drawMode":0,"name":"Shaded","section":"Shading Mode"},"sceneLighting":true,"audioPlay":false,"sceneViewState":{"showFog":true,"showMaterialUpdate":false,"showSkybox":false,"showFlares":true,"showImageEffects":true,"showParticleSystems":true},"in2DMode":false,"pivot":{"x":0.44640251994132998,"y":0.16810061037540437,"z":1.666514277458191},"rotation":{"x":-0.7276789546012878,"y":0.00017311409465037286,"z":-0.00007120148802641779,"w":-0.686086118221283},"size":12.55052375793457,"orthographic":true}