{"cameraMode":{"drawMode":0,"name":"Shaded","section":"Shading Mode"},"sceneLighting":true,"audioPlay":false,"sceneViewState":{"showFog":true,"showMaterialUpdate":false,"showSkybox":false,"showFlares":true,"showImageEffects":true,"showParticleSystems":true},"in2DMode":false,"pivot":{"x":0.05920252576470375,"y":0.010135384276509285,"z":-0.9617977142333984},"rotation":{"x":-0.18758055567741395,"y":-0.27700936794281008,"z":0.05530809611082077,"w":-0.9408800005912781},"size":1.2940336465835572,"orthographic":true}