{"cameraMode":{"drawMode":0,"name":"Shaded","section":"Shading Mode"},"sceneLighting":false,"audioPlay":false,"sceneViewState":{"showFog":true,"showMaterialUpdate":false,"showSkybox":false,"showFlares":true,"showImageEffects":true,"showParticleSystems":true},"in2DMode":false,"pivot":{"x":1.040008544921875,"y":2.0,"z":-1.000000238418579},"rotation":{"x":0.7067667245864868,"y":-0.000750307401176542,"z":0.0007821785984560847,"w":0.7075985074043274},"size":2.8568577766418459,"orthographic":true}