{"cameraMode":{"drawMode":0,"name":"Shaded","section":"Shading Mode"},"sceneLighting":true,"audioPlay":false,"sceneViewState":{"showFog":true,"showMaterialUpdate":false,"showSkybox":true,"showFlares":true,"showImageEffects":true,"showParticleSystems":true},"in2DMode":false,"pivot":{"x":-7.597238063812256,"y":-37.015625,"z":0.24077929556369782},"rotation":{"x":0.706045925617218,"y":-5.103779088244664e-8,"z":-9.290555169627624e-8,"w":0.7081668972969055},"size":67.36962127685547,"orthographic":true}