{"cameraMode":{"drawMode":0,"name":"Shaded","section":"Shading Mode"},"sceneLighting":false,"audioPlay":false,"sceneViewState":{"showFog":true,"showMaterialUpdate":false,"showSkybox":false,"showFlares":true,"showImageEffects":true,"showParticleSystems":true},"in2DMode":false,"pivot":{"x":-0.3705410361289978,"y":0.20511294901371003,"z":0.4454982578754425},"rotation":{"x":-0.741858959197998,"y":0.0003790464252233505,"z":-0.00044155080104246736,"w":-0.6705962419509888},"size":2.5980420112609865,"orthographic":true}