{"cameraMode":{"drawMode":0,"name":"Shaded","section":"Shading Mode"},"sceneLighting":true,"audioPlay":false,"sceneViewState":{"showFog":true,"showMaterialUpdate":false,"showSkybox":false,"showFlares":true,"showImageEffects":true,"showParticleSystems":true},"in2DMode":false,"pivot":{"x":0.10482551902532578,"y":-8.836146354675293,"z":2.538813591003418},"rotation":{"x":-0.6797106266021729,"y":-0.003103494644165039,"z":0.002969182562083006,"w":-0.7335711717605591},"size":6.5585527420043949,"orthographic":false}