{"cameraMode":{"drawMode":0,"name":"Shaded","section":"Shading Mode"},"sceneLighting":true,"audioPlay":false,"sceneViewState":{"showFog":true,"showMaterialUpdate":false,"showSkybox":false,"showFlares":true,"showImageEffects":true,"showParticleSystems":true},"in2DMode":false,"pivot":{"x":0.19361114501953126,"y":1.8474804162979127,"z":1.546316146850586},"rotation":{"x":-0.5361528992652893,"y":-0.004875536542385817,"z":0.003224161686375737,"w":-0.8442401885986328},"size":2.1000263690948488,"orthographic":true}