{"cameraMode":{"drawMode":0,"name":"Shaded","section":"Shading Mode"},"sceneLighting":true,"audioPlay":false,"sceneViewState":{"showFog":true,"showMaterialUpdate":false,"showSkybox":false,"showFlares":true,"showImageEffects":true,"showParticleSystems":true},"in2DMode":false,"pivot":{"x":-0.23759213089942933,"y":0.9159362316131592,"z":-0.42480841279029848},"rotation":{"x":-0.6517307162284851,"y":0.00815120805054903,"z":-0.006865829695016146,"w":-0.7585321664810181},"size":6.199971675872803,"orthographic":true}