{"cameraMode":{"drawMode":0,"name":"Shaded","section":"Shading Mode"},"sceneLighting":false,"audioPlay":false,"sceneViewState":{"showFog":true,"showMaterialUpdate":false,"showSkybox":false,"showFlares":true,"showImageEffects":true,"showParticleSystems":true},"in2DMode":false,"pivot":{"x":-0.8887961506843567,"y":-5.028416633605957,"z":-1.3566091060638428},"rotation":{"x":0.6641811728477478,"y":-0.0019251988269388676,"z":0.001730770687572658,"w":0.7477053999900818},"size":43.49259948730469,"orthographic":true}