{"cameraMode":{"drawMode":0,"name":"Shaded","section":"Shading Mode"},"sceneLighting":true,"audioPlay":false,"sceneViewState":{"showFog":true,"showMaterialUpdate":false,"showSkybox":true,"showFlares":true,"showImageEffects":true,"showParticleSystems":true},"in2DMode":false,"pivot":{"x":-0.17451560497283936,"y":-8.822547912597657,"z":16.504074096679689},"rotation":{"x":-0.7347815632820129,"y":0.00036118889693170786,"z":-0.00045062816934660077,"w":-0.6783514618873596},"size":23.36199188232422,"orthographic":true}