{"cameraMode":{"drawMode":0,"name":"Shaded","section":"Shading Mode"},"sceneLighting":true,"audioPlay":false,"sceneViewState":{"showFog":true,"showMaterialUpdate":false,"showSkybox":false,"showFlares":true,"showImageEffects":true,"showParticleSystems":true},"in2DMode":false,"pivot":{"x":0.0,"y":0.008843183517456055,"z":3.84002685546875},"rotation":{"x":-0.651763379573822,"y":0.001319132512435317,"z":-0.0010399884777143598,"w":-0.7585721015930176},"size":1030.7774658203125,"orthographic":true}