{"cameraMode":{"drawMode":0,"name":"Shaded","section":"Shading Mode"},"sceneLighting":false,"audioPlay":false,"sceneViewState":{"showFog":true,"showMaterialUpdate":false,"showSkybox":false,"showFlares":true,"showImageEffects":true,"showParticleSystems":true},"in2DMode":false,"pivot":{"x":0.020054245367646219,"y":-0.8014623522758484,"z":0.3414307236671448},"rotation":{"x":-0.71092689037323,"y":-0.0016882929485291243,"z":0.0017114987131208182,"w":-0.7032740712165833},"size":1.6153373718261719,"orthographic":false}