{"cameraMode":{"drawMode":0,"name":"Shaded","section":"Shading Mode"},"sceneLighting":true,"audioPlay":false,"sceneViewState":{"showFog":true,"showMaterialUpdate":false,"showSkybox":false,"showFlares":true,"showImageEffects":true,"showParticleSystems":true},"in2DMode":false,"pivot":{"x":-0.2303161770105362,"y":-0.9083597660064697,"z":-0.7237029075622559},"rotation":{"x":-0.7162187099456787,"y":-0.0006884148460812867,"z":0.0007041687495075166,"w":-0.6979615688323975},"size":9.794376373291016,"orthographic":true}