{"cameraMode":{"drawMode":0,"name":"Shaded","section":"Shading Mode"},"sceneLighting":false,"audioPlay":false,"sceneViewState":{"showFog":true,"showMaterialUpdate":false,"showSkybox":false,"showFlares":true,"showImageEffects":true,"showParticleSystems":true},"in2DMode":false,"pivot":{"x":17.808935165405275,"y":2.0,"z":-0.025690957903862},"rotation":{"x":0.7057026028633118,"y":-0.001815425930544734,"z":0.0018387269228696824,"w":0.7086563110351563},"size":20.913938522338868,"orthographic":true}