{"cameraMode":{"drawMode":0,"name":"Shaded","section":"Shading Mode"},"sceneLighting":false,"audioPlay":false,"sceneViewState":{"showFog":true,"showMaterialUpdate":false,"showSkybox":false,"showFlares":true,"showImageEffects":true,"showParticleSystems":true},"in2DMode":false,"pivot":{"x":5.415117263793945,"y":-3.27785325050354,"z":9.6288480758667},"rotation":{"x":0.301561564207077,"y":-0.00818414706736803,"z":0.002607027068734169,"w":0.9535162448883057},"size":16.749969482421876,"orthographic":true}