{"cameraMode":{"drawMode":0,"name":"Shaded","section":"Shading Mode"},"sceneLighting":true,"audioPlay":false,"sceneViewState":{"showFog":true,"showMaterialUpdate":false,"showSkybox":true,"showFlares":true,"showImageEffects":true,"showParticleSystems":true},"in2DMode":false,"pivot":{"x":-3.9940648078918459,"y":-31.9296875,"z":0.3069300353527069},"rotation":{"x":0.7067667245864868,"y":-0.000750307401176542,"z":0.0007821785984560847,"w":0.7075985074043274},"size":48.44586181640625,"orthographic":true}