{"cameraMode":{"drawMode":0,"name":"Shaded","section":"Shading Mode"},"sceneLighting":false,"audioPlay":false,"sceneViewState":{"showFog":true,"showMaterialUpdate":false,"showSkybox":false,"showFlares":true,"showImageEffects":true,"showParticleSystems":true},"in2DMode":false,"pivot":{"x":0.07625652849674225,"y":0.4638043940067291,"z":0.3563899099826813},"rotation":{"x":-0.11105471104383469,"y":-0.7831969261169434,"z":0.14640682935714723,"w":-0.594017744064331},"size":1.544530987739563,"orthographic":true}