{"cameraMode":{"drawMode":0,"name":"Shaded","section":"Shading Mode"},"sceneLighting":true,"audioPlay":false,"sceneViewState":{"showFog":true,"showMaterialUpdate":false,"showSkybox":true,"showFlares":true,"showImageEffects":true,"showParticleSystems":true},"in2DMode":false,"pivot":{"x":-1.6656990051269532,"y":-6.830357074737549,"z":-0.28149157762527468},"rotation":{"x":0.595740795135498,"y":0.0013820239109918476,"z":-0.0010151051683351398,"w":0.8031834959983826},"size":45.3236198425293,"orthographic":true}