{"cameraMode":{"drawMode":0,"name":"Shaded","section":"Shading Mode"},"sceneLighting":true,"audioPlay":false,"sceneViewState":{"showFog":true,"showMaterialUpdate":false,"showSkybox":true,"showFlares":true,"showImageEffects":true,"showParticleSystems":true},"in2DMode":false,"pivot":{"x":-2.795095920562744,"y":-36.9296875,"z":-0.9223980903625488},"rotation":{"x":0.706045925617218,"y":-5.103779088244664e-8,"z":-9.290555169627624e-8,"w":0.7081668972969055},"size":54.33485794067383,"orthographic":true}