{"cameraMode":{"drawMode":0,"name":"Shaded","section":"Shading Mode"},"sceneLighting":false,"audioPlay":false,"sceneViewState":{"showFog":true,"showMaterialUpdate":false,"showSkybox":false,"showFlares":true,"showImageEffects":true,"showParticleSystems":true},"in2DMode":false,"pivot":{"x":-9.628347396850586,"y":0.2723214328289032,"z":20.6555233001709},"rotation":{"x":0.18982800841331483,"y":0.38418519496917727,"z":-0.08104222267866135,"w":0.8998886346817017},"size":122.69255065917969,"orthographic":true}