{"cameraMode":{"drawMode":0,"name":"Shaded","section":"Shading Mode"},"sceneLighting":true,"audioPlay":false,"sceneViewState":{"showFog":true,"showMaterialUpdate":false,"showSkybox":true,"showFlares":true,"showImageEffects":true,"showParticleSystems":true},"in2DMode":false,"pivot":{"x":-0.7348217368125916,"y":-4.9678239822387699,"z":2.994217872619629},"rotation":{"x":0.5957391858100891,"y":-0.0022339147981256248,"z":0.0016647552838549018,"w":0.8031816482543945},"size":41.58841323852539,"orthographic":true}