{"cameraMode":{"drawMode":0,"name":"Shaded","section":"Shading Mode"},"sceneLighting":true,"audioPlay":false,"sceneViewState":{"showFog":true,"showMaterialUpdate":false,"showSkybox":true,"showFlares":true,"showImageEffects":true,"showParticleSystems":true},"in2DMode":false,"pivot":{"x":0.9870285391807556,"y":1.0545804500579835,"z":-1.1964114904403687},"rotation":{"x":0.660060703754425,"y":-2.0489009600055398e-8,"z":-4.5465839093594698e-8,"w":0.751214325428009},"size":39.297054290771487,"orthographic":true}