{"cameraMode":{"drawMode":0,"name":"Shaded","section":"Shading Mode"},"sceneLighting":true,"audioPlay":false,"sceneViewState":{"showFog":true,"showMaterialUpdate":false,"showSkybox":false,"showFlares":true,"showImageEffects":true,"showParticleSystems":true},"in2DMode":false,"pivot":{"x":0.3911658525466919,"y":0.1978934109210968,"z":0.6293970942497253},"rotation":{"x":-0.4460531771183014,"y":-0.006525261793285608,"z":0.0033339622896164657,"w":-0.8951009511947632},"size":2.6784515380859377,"orthographic":true}