{"cameraMode":{"drawMode":0,"name":"Shaded","section":"Shading Mode"},"sceneLighting":true,"audioPlay":false,"sceneViewState":{"showFog":true,"showMaterialUpdate":false,"showSkybox":true,"showFlares":true,"showImageEffects":true,"showParticleSystems":true},"in2DMode":false,"pivot":{"x":1.656659722328186,"y":0.09531217813491821,"z":18.451398849487306},"rotation":{"x":0.7152007818222046,"y":0.00027722746017389,"z":-0.0003022401360794902,"w":0.6990624666213989},"size":25.90608024597168,"orthographic":true}