{"cameraMode":{"drawMode":0,"name":"Shaded","section":"Shading Mode"},"sceneLighting":false,"audioPlay":false,"sceneViewState":{"showFog":true,"showMaterialUpdate":false,"showSkybox":false,"showFlares":true,"showImageEffects":true,"showParticleSystems":true},"in2DMode":false,"pivot":{"x":0.3086983859539032,"y":0.020870959386229516,"z":-0.001423366367816925},"rotation":{"x":0.7060612440109253,"y":-0.0003633717424236238,"z":0.0004759544099215418,"w":0.7081781029701233},"size":10.733458518981934,"orthographic":true}