{"cameraMode":{"drawMode":0,"name":"Shaded","section":"Shading Mode"},"sceneLighting":true,"audioPlay":false,"sceneViewState":{"showFog":true,"showMaterialUpdate":false,"showSkybox":false,"showFlares":true,"showImageEffects":true,"showParticleSystems":true},"in2DMode":false,"pivot":{"x":0.659523606300354,"y":-1.4566147327423096,"z":-0.6468992829322815},"rotation":{"x":-0.5009458661079407,"y":-0.4989440143108368,"z":0.5000573992729187,"w":-0.5002391338348389},"size":3.0383691787719728,"orthographic":true}