{"cameraMode":{"drawMode":0,"name":"Shaded","section":"Shading Mode"},"sceneLighting":true,"audioPlay":false,"sceneViewState":{"showFog":true,"showMaterialUpdate":false,"showSkybox":true,"showFlares":true,"showImageEffects":true,"showParticleSystems":true},"in2DMode":false,"pivot":{"x":3.200312376022339,"y":-31.9296875,"z":-0.0030626326333731415},"rotation":{"x":0.7067667245864868,"y":-0.000750307401176542,"z":0.0007821785984560847,"w":0.7075985074043274},"size":47.87899398803711,"orthographic":true}