{"cameraMode":{"drawMode":0,"name":"Shaded","section":"Shading Mode"},"sceneLighting":false,"audioPlay":false,"sceneViewState":{"showFog":true,"showMaterialUpdate":false,"showSkybox":false,"showFlares":true,"showImageEffects":true,"showParticleSystems":true},"in2DMode":false,"pivot":{"x":14.543886184692383,"y":-1.5483999252319337,"z":7.791184902191162},"rotation":{"x":-0.5419808626174927,"y":-0.08740030229091644,"z":0.05678078159689903,"w":-0.8339360356330872},"size":12.674718856811524,"orthographic":true}