{"cameraMode":{"drawMode":0,"name":"Shaded","section":"Shading Mode"},"sceneLighting":true,"audioPlay":false,"sceneViewState":{"showFog":true,"showMaterialUpdate":false,"showSkybox":true,"showFlares":true,"showImageEffects":true,"showParticleSystems":true},"in2DMode":false,"pivot":{"x":-1.1372404098510743,"y":-8.3670072555542,"z":-0.07070589065551758},"rotation":{"x":0.6393786668777466,"y":0.00017036580538842827,"z":-0.00013258261606097221,"w":0.7689016461372376},"size":49.43572235107422,"orthographic":true}