{"cameraMode":{"drawMode":0,"name":"Shaded","section":"Shading Mode"},"sceneLighting":false,"audioPlay":false,"sceneViewState":{"showFog":true,"showMaterialUpdate":false,"showSkybox":false,"showFlares":true,"showImageEffects":true,"showParticleSystems":true},"in2DMode":false,"pivot":{"x":-0.040991418063640597,"y":0.02147226780653,"z":0.07568803429603577},"rotation":{"x":0.7049832940101624,"y":-9.398505085300712e-7,"z":-0.0000010335179467801937,"w":0.7092262506484985},"size":0.8308635354042053,"orthographic":true}