{"cameraMode":{"drawMode":0,"name":"Shaded","section":"Shading Mode"},"sceneLighting":false,"audioPlay":false,"sceneViewState":{"showFog":true,"showMaterialUpdate":false,"showSkybox":false,"showFlares":true,"showImageEffects":true,"showParticleSystems":true},"in2DMode":false,"pivot":{"x":-0.16816212236881257,"y":-0.024047380313277246,"z":0.14756269752979279},"rotation":{"x":-0.7109472155570984,"y":0.0003791425842791796,"z":-0.0004349425435066223,"w":-0.7032949328422546},"size":0.7838979959487915,"orthographic":true}