{"cameraMode":{"drawMode":0,"name":"Shaded","section":"Shading Mode"},"sceneLighting":true,"audioPlay":false,"sceneViewState":{"showFog":true,"showMaterialUpdate":false,"showSkybox":true,"showFlares":true,"showImageEffects":true,"showParticleSystems":true},"in2DMode":false,"pivot":{"x":-0.5559347867965698,"y":4.725478172302246,"z":17.465761184692384},"rotation":{"x":0.7568175196647644,"y":0.00029459537472575903,"z":-0.00029154407093301415,"w":0.6537860035896301},"size":25.632020950317384,"orthographic":true}