{"cameraMode":{"drawMode":0,"name":"Shaded","section":"Shading Mode"},"sceneLighting":true,"audioPlay":false,"sceneViewState":{"showFog":true,"showMaterialUpdate":false,"showSkybox":false,"showFlares":true,"showImageEffects":true,"showParticleSystems":true},"in2DMode":false,"pivot":{"x":-0.8641120195388794,"y":0.7256478071212769,"z":3.136324882507324},"rotation":{"x":0.7310824990272522,"y":0.001019734307192266,"z":-0.001105537754483521,"w":0.6823008060455322},"size":3.326920509338379,"orthographic":true}