{"cameraMode":{"drawMode":0,"name":"Shaded","section":"Shading Mode"},"sceneLighting":false,"audioPlay":false,"sceneViewState":{"showFog":true,"showMaterialUpdate":false,"showSkybox":false,"showFlares":true,"showImageEffects":true,"showParticleSystems":true},"in2DMode":false,"pivot":{"x":0.07019846886396408,"y":0.020263671875,"z":-0.05784754455089569},"rotation":{"x":0.6919512152671814,"y":0.015155775472521782,"z":-0.014534161426126957,"w":0.7216413021087647},"size":0.765487551689148,"orthographic":true}