{"cameraMode":{"drawMode":0,"name":"Shaded","section":"Shading Mode"},"sceneLighting":false,"audioPlay":false,"sceneViewState":{"showFog":true,"showMaterialUpdate":false,"showSkybox":false,"showFlares":true,"showImageEffects":true,"showParticleSystems":true},"in2DMode":false,"pivot":{"x":0.15437941253185273,"y":-0.02242049016058445,"z":0.4009035527706146},"rotation":{"x":-0.7109472155570984,"y":0.0003791425842791796,"z":-0.0004349425435066223,"w":-0.7032949328422546},"size":1.5670733451843262,"orthographic":true}