{"cameraMode":{"drawMode":0,"name":"Shaded","section":"Shading Mode"},"sceneLighting":true,"audioPlay":false,"sceneViewState":{"showFog":true,"showMaterialUpdate":false,"showSkybox":true,"showFlares":true,"showImageEffects":true,"showParticleSystems":true},"in2DMode":false,"pivot":{"x":0.6739264130592346,"y":-0.6403751969337463,"z":0.005373209714889526},"rotation":{"x":0.6302681565284729,"y":-4.828735100659287e-8,"z":6.375007899350749e-8,"w":0.7763783931732178},"size":21.0474853515625,"orthographic":true}