{"cameraMode":{"drawMode":0,"name":"Shaded","section":"Shading Mode"},"sceneLighting":false,"audioPlay":false,"sceneViewState":{"showFog":true,"showMaterialUpdate":false,"showSkybox":false,"showFlares":true,"showImageEffects":true,"showParticleSystems":true},"in2DMode":false,"pivot":{"x":-17.486770629882814,"y":-3.8210902214050295,"z":1.303572177886963},"rotation":{"x":-0.6992442011833191,"y":0.0014536755625158549,"z":-0.0014833458699285985,"w":-0.7149268984794617},"size":14.951937675476075,"orthographic":true}